Table,Time
lineitem,393.032202
lineitem,396.872878
lineitem,391.021086
lineitem,400.67647700000003
lineitem,403.041404
orders,81.74841400000001
orders,86.516
orders,83.01826799999999
orders,86.56809600000001
orders,86.75994
partsupp,55.008331
partsupp,54.358729
partsupp,51.993078000000004
partsupp,54.348651
partsupp,54.434059
