Table,mean,std,min,max
supplier,62.96109063062092,1.4921054171328387,60.37944903507671,64.25062192984554
customer,55.80568677216441,3.272779866540993,50.11754863819327,58.06008517805438
partsupp,51.796810783544174,0.429470136607972,51.05436084513827,52.09925313593974
orders,45.94966778997424,1.0704300403950757,44.695293273895224,47.58860620109821
part,42.62506024819481,1.3379283927091146,40.973883856211934,44.675629326845986
lineitem,41.43914508649261,0.690756748023046,40.344259286272184,42.115340802569506
nation,0.46414393039731217,0.08482546966039939,0.38749627157748406,0.5690990018391706
region,0.09328363510789235,0.021602637068544546,0.06375538605501392,0.12154362346498507
